{
   "10001": {
      "dir": 0, 
      "id": 1, 
      "pos": [
         10, 
         0, 
         8
      ]
   }, 
   "10002": {
      "dir": 0, 
      "id": 1, 
      "pos": [
         2, 
         0, 
         4
      ]
   }, 
   "10003": {
      "dir": 0, 
      "id": 12, 
      "pos": [
         17.11053466796875, 
         0.0617518424987793, 
         -3.3083550930023193
      ]
   }, 
   "10004": {
      "dir": 1, 
      "id": 12, 
      "pos": [
         11.103772163391113, 
         0.0617525577545166, 
         1.9821316003799438
      ]
   }, 
   "10005": {
      "dir": 92, 
      "id": 12, 
      "pos": [
         5.840014457702637, 
         0.0617518424987793, 
         -0.960561990737915
      ]
   }, 
   "10006": {
      "dir": 182, 
      "id": 12, 
      "pos": [
         15.03699779510498, 
         -0.9382474422454834, 
         2.973329782485962
      ]
   }, 
   "10007": {
      "dir": 90, 
      "id": 12, 
      "pos": [
         4.2577924728393555, 
         0.0617518424987793, 
         -3.8737854957580566
      ]
   }, 
   "10008": {
      "dir": 0, 
      "id": 9, 
      "pos": [
         21.681522369384766, 
         0.0617518424987793, 
         -10.803699493408203
      ]
   }, 
   "10009": {
      "dir": 0, 
      "id": 9, 
      "pos": [
         6.660707950592041, 
         -2.7682480812072754, 
         -17.778827667236328
      ]
   }, 
   "10010": {
      "dir": 1, 
      "id": 8, 
      "pos": [
         2.4893569946289062, 
         0.0617518424987793, 
         0.4634404182434082
      ]
   }
}